Nome Apel1 Apel2;00000001
Nome Apel1 Apel2;00000002
Nome Apel1 Apel2;00000003
Nome Apel1 Apel2;00000004
Nome Apel1 Apel2;00000005
Nome Apel1 Apel2;00000006
Nome Apel1 Apel2;00000007
Nome Apel1 Apel2;00000008
Nome Apel1 Apel2;00000009
Nome Apel1 Apel2;00000010
Nome Apel1 Apel2;00000011
Nome Apel1 Apel2;00000012
Nome Apel1 Apel2;00000013
Nome Apel1 Apel2;00000014
Nome Apel1 Apel2;00000015
Nome Apel1 Apel2;00000016
Nome Apel1 Apel2;00000017
Nome Apel1 Apel2;00000018
Nome Apel1 Apel2;00000019
Nome Apel1 Apel2;00000020
Nome Apel1 Apel2;00000021
Nome Apel1 Apel2;00000022
Nome Apel1 Apel2;00000023
Nome Apel1 Apel2;00000024
Nome Apel1 Apel2;00000025
Nome Apel1 Apel2;00000026
Nome Apel1 Apel2;00000027
Nome Apel1 Apel2;00000028
Nome Apel1 Apel2;00000029
Nome Apel1 Apel2;00000030
Nome Apel1 Apel2;00000031
Nome Apel1 Apel2;00000032
Nome Apel1 Apel2;00000033
Nome Apel1 Apel2;00000034
Nome Apel1 Apel2;00000035
Nome Apel1 Apel2;00000036
Nome Apel1 Apel2;00000037
Nome Apel1 Apel2;00000038
Nome Apel1 Apel2;00000039
Nome Apel1 Apel2;00000040
